,City,jpin,title,category_name,status,Exact title,ID,
0,Chennai,JPIN-1304472435,"Aachi Chicken Masala, 50g Pack",Grounded Spices & Masalas,pending,Aachi Chicken Masala 50 g,1,Aachi Chicken Masala 50 g
1,Chennai,JPIN-1304472425,"Aachi Chilli Powder, 100g Pack",Grounded Spices & Masalas,pending,Aachi Chilli Powder 100 g,2,Aachi Chilli Powder 100 g
2,Chennai,JPIN-1304472427,"Aachi Chilli Powder, 50g Pack",Grounded Spices & Masalas,pending,Aachi Chilli Powder 50 g,3,Aachi Chilli Powder 50 g
3,Chennai,JPIN-1304472108,"Aachi Coriander Powder, 100g Pack",Grounded Spices & Masalas,pending,Aachi Coriander Powder 100 g,4,Aachi Coriander Powder 100 g
4,Chennai,JPIN-1304472333,"Aachi Fish Curry Masala, 50g Pack",Grounded Spices & Masalas,pending,Aachi Fish Curry Masala 50 g,5,Aachi Fish Curry Masala 50 g
5,Chennai,JPIN-1304472332,"Aachi Fish Fry Masala, 50g Pack",Grounded Spices & Masalas,pending,Aachi Fish Fry Masala 50 g,6,Aachi Fish Fry Masala 50 g
6,Chennai,JPIN-1304464432,"Aachi Garam Masala, 100g Pack",Grounded Spices & Masalas,pending,Aachi Garam Masala 100 g,7,Aachi Garam Masala 100 g
7,Chennai,JPIN-1304372908,"Aachi Garam Masala, 50g Pack",Grounded Spices & Masalas,pending,Aachi Garam Masala 50 g,8,Aachi Garam Masala 50 g
8,Chennai,JPIN-1304472262,"Aachi Idly Chilli Powder, 100g Pack",Grounded Spices & Masalas,pending,Aachi Idly Chilli Powder 100 g,9,Aachi Idly Chilli Powder 100 g
9,Chennai,JPIN-1304479411,"Aachi Mutton Masala, 50g Pack",Grounded Spices & Masalas,pending,Aachi Mutton Masala 50 g,10,Aachi Mutton Masala 50 g
10,Chennai,JPIN-1304464584,"Aachi Rasam Powder, 100g Pack",Grounded Spices & Masalas,pending,Aachi Rasam Powder 100 g,11,Aachi Rasam Powder 100 g
11,Chennai,JPIN-1304475476,"Aachi Sambar Powder, 100g Pack",Grounded Spices & Masalas,pending,Aachi Sambar Powder 100 g,12,Aachi Sambar Powder 100 g
12,Chennai,JPIN-1304472105,"Aachi Turmeric Powder, 100g Pack",Grounded Spices & Masalas,pending,Aachi Turmeric Powder 100 g,13,Aachi Turmeric Powder 100 g
13,Chennai,JPIN-1304472439,"Aachi Turmeric Powder, 50g Pack",Grounded Spices & Masalas,pending,Aachi Turmeric Powder 50 gm,14,Aachi Turmeric Powder 50 gm
207,Chennai,JPIN-1304473251,"Aashirvaad Iodised Salt, 1Kg Pack",Salt,pending,Aashirvaad Iodised Salt 1 Kg,208,Aashirvaad Iodised Salt 1 Kg
222,Chennai,JPIN-1304473645,"Aashirvaad Superior MP Atta, 10Kg Pack",Flours & Sooji,pending,Aashirvaad Whole Wheat Atta 10 Kg,223,Aashirvaad Whole Wheat Atta 10 kg
223,Chennai,JPIN-1304473647,"Aashirvaad Superior MP Atta, 1Kg Pack",Flours & Sooji,pending,Aashirvaad Whole Wheat Atta 1 Kg,224,Aashirvaad Whole Wheat Atta 1 kg
226,Chennai,JPIN-1304478619,"Aashirvaad Superior MP Atta, 2Kg Pack",Flours & Sooji,pending,Aashirvaad Whole Wheat Atta 2 kg,227,Aashirvaad Whole Wheat Atta 2 Kg
208,Chennai,JPIN-1304473644,"Aashirvaad Superior MP Atta, 5Kg Pack",Flours & Sooji,pending,Aashirvaad Whole Wheat Atta 5 Kg,209,Aashirvaad Whole Wheat Atta 5 Kg
206,Chennai,JPIN-1304474709,"Bajaj Almond Drops Hair Oil, 100ml Glass Bottle",Personal Care,pending,Bajaj Almond Drops Non Sticky Hair Oil 100 ml,207,Bajaj Almond Drops Hair Oil 100 ml
202,Chennai,JPIN-1304463942,"Bajaj Almond Drops Hair Oil, 19ml Bottle",Personal Care,pending,Bajaj Almond Drops Hair Oil 19 ml,203,Bajaj Almond Drops Hair Oil 19 ml
205,Chennai,JPIN-1304463937,"Bajaj Almond Drops Hair Oil, 200ml Glass Bottle",Personal Care,pending,Bajaj Almond Drops Non Sticky Hair Oil 200 ml,206,Bajaj Almond Drops Hair Oil 200 ml
203,Chennai,JPIN-1304474708,"Bajaj Almond Drops Hair Oil, 50ml Glass Bottle",Personal Care,pending,Bajaj Almond Drops Non Sticky Hair Oil 50 ml,204,Bajaj Almond Drops Hair Oil 50 ml
249,Chennai,JPIN-1304475858,"Bilagi Indian White Crystal Sugar, S-30 Grade, 50Kg Bag",Sugar and Jaggery,pending,Sugar (S30) 50 kg,250,Sugar (S30) 50 kg
232,Chennai,JPIN-1304472823,"Boost, 17g Sachet",Health Care,pending,Boost  17 g,233,Boost 15 g
242,Chennai,JPIN-1304365306,"Boost, 500g Pack",Health Care,pending,Boost 500 g,243,Boost 500 g
189,Chennai,JPIN-1304592337,"Bovonto, 1.5L Bottle",Beverages,pending,Bovonto Soft Drink 1.5 L,190,Bovonto 1.5 L
194,Chennai,JPIN-1304592342,"Bovonto, 500ml Bottle",Beverages,pending,Bovonto  500 ml,195,Bovonto  500 ml
14,Chennai,JPIN-1304472894,"Britannia 50 50 Maska Chaska, 45.5g Pack","Biscuit, Confectionary & Snacks",pending,Britannia 50-50 Maska Chaska Biscuits 48 g,15,Britannia 50-50 Maska Chaska Biscuits 48 g
15,Chennai,JPIN-1304472887,"Britannia Bourbon The Original, 60g Pack","Biscuit, Confectionary & Snacks",pending,Britannia Good Day Butter Cookies 33 g,16,Britannia Good Day Butter Cookies 33 g
16,Chennai,JPIN-1304472880,"Britannia Good Day Butter Cookies, 33g Pack","Biscuit, Confectionary & Snacks",pending,Britannia Good Day Butter Cookies  53 g,17,Britannia Good Day Butter Cookies  53 g
17,Chennai,JPIN-1304472883,"Britannia Good Day Butter Cookies, 53g Pack","Biscuit, Confectionary & Snacks",pending,"Britannia Good Day Cashew Almond Cookies, 33g Pack",18,"Britannia Good Day Cashew Almond Cookies, 33g Pack"
18,Chennai,JPIN-1304472882,"Britannia Good Day Cashew Cookies, 100g Pack","Biscuit, Confectionary & Snacks",pending,Britannia Good Day Cashew Cookies 100 g,19,Britannia Good Day Cashew Cookies 100 g
19,Chennai,JPIN-1304473036,"Britannia Good Day Cashew Cookies, 53g Pack","Biscuit, Confectionary & Snacks",pending,Britannia Good Day Cashew Cookies 53 g,20,Britannia Good Day Cashew Cookies 53 g (+Get 7 g Extra)
20,Chennai,JPIN-1304473025,"Britannia Marie Gold Biscuits, 39g Pack","Biscuit, Confectionary & Snacks",pending,Britannia Marie Gold Biscuits 43 g,21,Britannia Marie Gold Biscuits 43 g
21,Chennai,JPIN-1304473024,"Britannia Marie Gold Biscuits, 68g Pack","Biscuit, Confectionary & Snacks",pending,Britannia Marie Gold Biscuits 68 g,22,Britannia Marie Gold Biscuits 68 g
22,Chennai,JPIN-1304473049,"Britannia Milk Bikis Biscuits, 73g Pack","Biscuit, Confectionary & Snacks",pending,Britannia Milk Bikis Biscuits 73 g,23,Britannia Milk Bikis Biscuits 73 g
23,Chennai,JPIN-1304473044,"Britannia Nutri Choice Digestive Biscuits, Hi Fibre, 100g Pack","Biscuit, Confectionary & Snacks",pending,Britannia NutriChoice Hi-Fibre Digestive Biscuits 100 g,24,Britannia NutriChoice Hi-Fibre Digestive Biscuits 100 g
24,Chennai,JPIN-1304473070,"Britannia Tiger Glucose Biscuits, 50g Pack","Biscuit, Confectionary & Snacks",pending,Britannia Tiger Glucose Biscuits 60 g,25,Britannia Tiger Glucose Biscuits 60 g
25,Chennai,JPIN-1304473964,"Brooke Bond 3 Roses Natural Care, 250g Box",Tea and Coffee,pending,3 Roses Natural Care Dust Tea 250 g,26,3 Roses Natural Care Dust Tea 250 g
26,Chennai,JPIN-1304473938,"Brooke Bond 3 Roses Top Star, 250g Box",Tea and Coffee,pending,3 Roses Top Star Dust Tea 250 g,27,3 Roses Top Star Dust Tea 250 g
27,Chennai,JPIN-1304472112,"Brooke Bond 3 Roses, 100g Box",Tea and Coffee,pending,3 Roses  Dust Tea 100 g,28,3 Roses Top Star Dust Tea 100 g
28,Chennai,JPIN-1304472107,"Brooke Bond 3 Roses, 14g Sachet",Tea and Coffee,pending,3 Roses  Dust Tea 14 g,29,3 Roses  Dust Tea 14 g
29,Chennai,JPIN-1304473939,"Brooke Bond 3 Roses, 500g Box",Tea and Coffee,pending,3 Roses  Dust Tea 500 g,30,3 Roses Dust Tea 500 g
30,Chennai,JPIN-1304478427,"Brooke Bond 3 Roses, 50g Box",Tea and Coffee,pending,3 Roses  Dust Tea 50 g,31,3 Roses  Dust Tea 50 g
31,Chennai,JPIN-1304472106,"Brooke Bond 3 Roses, 7g Sachet",Tea and Coffee,pending,3 Roses  Dust Tea 9.5 g,32,3 Roses Dust Tea 9.5 g
32,Chennai,JPIN-1304472115,"Brooke Bond 3 Roses, Natural Care, 100g Box",Tea and Coffee,pending,3 Roses Natural Care Dust Tea 100 g,33,3 Roses Natural Care Dust Tea 100 g
33,Chennai,JPIN-1304473953,"Brooke Bond Taj Mahal, 100g Box",Tea and Coffee,pending,Taj Mahal Tea 100 g,34,Taj Mahal Tea 100 g
34,Chennai,JPIN-1304473952,"Brooke Bond Taj Mahal, 250g Box",Tea and Coffee,pending,Taj Mahal Tea 250 g,35,Taj Mahal Tea 250 g
35,Chennai,JPIN-1304477138,"Bru Green Label Coffee, 500g Standup Pouch",Tea and Coffee,pending,Bru Roast & Ground Filter Coffee 500 g,36,BRU Roast & Ground Filter Coffee 500 g
36,Chennai,JPIN-1304472874,"Bru Instant Coffee, 11g Sachet",Tea and Coffee,pending,Bru Instant Coffee 8.5 g,37,Bru Instant Coffee 8.5 g
37,Chennai,JPIN-1304472092,"Bru Instant Coffee, 2.2g Sachet",Tea and Coffee,pending,Bru Instant Coffee 2.2 g,38,Bru Instant Coffee Sachet 2.6 g
38,Chennai,JPIN-1304472145,"Bru Instant Coffee, 5.5g Sachet",Tea and Coffee,pending,Bru Instant Coffee 5.5 g,39,Bru Instant Coffee Sachet 4.7 g
39,Chennai,JPIN-1304473081,"Cadbury Oreo Original, 46.3g Pack","Biscuit, Confectionary & Snacks",pending,Cadbury Oreo Original 46.3 g,40,Cadbury Oreo Original 46.3 g
40,Chennai,JPIN-1304477659,"Cadbury Oreo Strawberry Creme, 120g Pack","Biscuit, Confectionary & Snacks",pending,Cadbury Oreo Strawberry Creme 120 g P,41,Cadbury Oreo Strawberry Creme 120 g P
41,Chennai,JPIN-1304474744,"Chandrika Ayurvedic Bathing Bar, 75g Box",Personal Care,pending,Chandrika Ayurvedic Handmade Soap 75 g,42,Chandrika Ayurvedic Handmade Soap 75 g
42,Chennai,JPIN-1304368010,"Chik Hairfall Prevent Shampoo, Egg White, 7ml Sachet",Personal Care,pending,"Chik Hairfall Prevent Shampoo, Egg White, 7ml Sachet",43,Chik Protein Solutions Hairfall Prevent Egg White Shampoo 6 ml
186,Chennai,JPIN-1304474637,"Chik Thick & Glossy Shampoo, Black, 5ml Sachet",Personal Care,pending,Chik Thick & Shiny Protein Solutions Black Shampoo 6 ml,187,"Chik Thick & Glossy Shampoo, Black, 5ml Sachet"
188,Chennai,JPIN-1304475991,"Cinthol Original Bathing Bar, 100g Pack",Personal Care,pending,Cinthol Original Deodorant & Complexion Soap 100 g,189,Cinthol Original Deo & Complexion Soap 100 g (Pack of 4)
43,Chennai,JPIN-1304368318,"Cinthol Original Bathing Bar, 40g Pack",Personal Care,pending,Cinthol Original Deo & Complexion Soap   35 g,44,Cinthol Original Deo & Complexion Soap 35 g
44,Chennai,JPIN-1304477959,"Clear Anti-Dandruff Nourishing Shampoo, Dandruff Clean, 5.5ml Sachet",Personal Care,pending,"Clear Anti-Dandruff Nourishing Shampoo, Dandruff Clean 5.5 ml",45,Clear Anti Dandruff Nourishing Shampoo 5.5 ml
45,Chennai,JPIN-1304477564,"Colgate Active Salt Toothpaste, 100g Box",Personal Care,pending,Colgate Active Salt  Toothpaste 100 g,46,Colgate Active Salt Toothpaste 100 g
46,Chennai,JPIN-1304477567,"Colgate Active Salt Toothpaste, 200g Box",Personal Care,pending,Colgate Active Salt Toothpaste (200 + 100) g,47,Colgate Active Salt Toothpaste 200 g
193,Chennai,JPIN-1304477566,"Colgate Active Salt Toothpaste, 44g Box",Personal Care,pending,Colgate Active Salt Toothpaste 48 g,194,Colgate Active Salt Toothpaste 48 g
47,Chennai,JPIN-1304477448,"Colgate Strong Teeth Toothpaste, 100g Box",Personal Care,pending,Colgate Strong Teeth Dental Cream Toothpaste 100 g,48,Colgate Strong Teeth Dental Cream Toothpaste 100 g
48,Chennai,JPIN-1304477444,"Colgate Strong Teeth Toothpaste, 18g Box",Personal Care,pending,Colgate Strong Teeth Dental Cream Toothpaste 13 g,49,Colgate Strong Teeth Dental Cream Toothpaste 13 g
49,Chennai,JPIN-1304477450,"Colgate Strong Teeth Toothpaste, 200g Box",Personal Care,pending,Colgate Strong Teeth Dental Cream Toothpaste 200 g,50,Colgate Strong Teeth Dental Cream Toothpaste 200 g
196,Chennai,JPIN-1304477447,"Colgate Strong Teeth Toothpaste, 44g Box",Personal Care,pending,Colgate Strong Teeth Dental Cream Toothpaste  44 g,197,Colgate Strong Teeth Dental Cream Toothpaste  44 g
234,Chennai,JPIN-1304475601,"Colin Glass Cleaner, 250ml Bottle",Home Care,pending,Colin Glass & Household Cleaner Spray 250 ml,235,Colin Glass & Household Cleaner Spray 250 ml
50,Chennai,JPIN-1304474426,"Comfort After Wash Fabric Conditioner, Lily Fresh, 18ml Sachet",Home Care,pending,Comfort After Wash Lily Fresh Fabric Conditioner 20 ml,51,Comfort After Wash Lily Fresh Fabric Conditioner 20 ml
51,Chennai,JPIN-1304474424,"Comfort After Wash Fabric Conditioner, Morning Fresh, 220ml Bottle",Home Care,pending,Comfort After Wash Morning Fresh Fabric Conditioner 220 ml,52,Comfort After Wash Morning Fresh Fabric Conditioner 220 ml
52,Chennai,JPIN-1304474416,"Comfort After Wash Fabric Conditioner, Morning Fresh, 860ml Bottle",Home Care,pending,Comfort After Wash Morning Fresh Fabric Conditioner 860 ml,53,Comfort After Wash Morning Fresh Fabric Conditioner 860 ml
53,Chennai,JPIN-1304477585,"Dabur Almond Hair Oil, 100ml Glass Bottle",Personal Care,pending,Dabur Almond Damage Free Hair Oil 100 ml,54,Dabur Almond Damage Free Hair Oil 100 ml
54,Chennai,JPIN-1304475055,"Dabur Amla Hair Oil, 180ml Bottle",Personal Care,pending,Dabur Amla Hair Oil 180 ml,55,Dabur Amla Hair Oil 180 ml
55,Chennai,JPIN-1304475045,"Dabur Amla Hair Oil, 90ml Bottle",Personal Care,pending,Dabur Amla Hair Oil 90 ml,56,Dabur Amla Hair Oil 90 ml
56,Chennai,JPIN-1304477408,"Dabur Gulabari Premium Rose Water, 59ml Bottle",Personal Care,pending,Dabur Gulabari Premium Rose Water  59 ml,57,Dabur Gulabari Premium Rose Water 59 ml
57,Chennai,JPIN-1304477605,"Dabur Honey, 100g Glass Bottle",Packaged Foods,pending,Dabur Honey  100 g,58,Dabur Honey 100 g
58,Chennai,JPIN-1304477604,"Dabur Honey, 250g Glass Bottle",Packaged Foods,pending,Dabur Honey  250 g,59,Dabur Honey 250 g
59,Chennai,JPIN-1304475134,"Dabur Meswak Complete Oral Care Toothpaste, 100g Box",Personal Care,pending,Meswak Complete Oral Care Toothpaste 100 g,60,Meswak Complete Oral Care Toothpaste 100 g
60,Chennai,JPIN-1304475133,"Dabur Meswak Complete Oral Care Toothpaste, 200g Box",Personal Care,pending,Meswak Complete Oral Care Toothpaste 200 g,61,Meswak Complete Oral Care Toothpaste 200 g
61,Chennai,JPIN-1304477321,"Dabur Odomos Non Sticky Mosquito Repellent Cream, 50g Box",Home Care,pending,Odomos Naturals Mosquito Repellent Cream with Aloe Vera+ Citronella 50 g,62,Odomos Naturals Mosquito Repellent Cream with Aloe Vera + Citronella 50 g
62,Chennai,JPIN-1304475131,"Dabur Red Toothpaste, 100g Box",Personal Care,pending,Dabur Red Toothpaste 100 g,63,Dabur Red Toothpaste 100 g
63,Chennai,JPIN-1304477396,"Dabur Red Toothpaste, 18g Box",Personal Care,pending,Dabur Red Toothpaste 20 g,64,Dabur Red Toothpaste 20 g
64,Chennai,JPIN-1304475106,"Dabur Red Toothpaste, 45g Box",Personal Care,pending,Dabur Red Ayrvedic Toothpaste 42 g,65,Dabur Red Ayurvedic Toothpaste 42 g
65,Chennai,JPIN-1304475231,"Dettol Intense Cool Bathing Bar, 75g Pack",Personal Care,pending,Dettol  Cool Soap 75 g,66,Dettol  Cool Soap 75 g
66,Chennai,JPIN-1304475225,"Dettol Original Bathing Bar, 125g Pack",Personal Care,pending,Dettol Original Soap  125 g,67,Dettol Original Soap 125 g (Buy 4 Get 1 Free)
67,Chennai,JPIN-1304475227,"Dettol Original Bathing Bar, 75g Pack",Personal Care,pending,Dettol Original Soap 75 g,68,Dettol Original Soap 75 g
236,Chennai,JPIN-1304474232,"Dettol Original Hand Sanitizer, 50ml Bottle",Personal Care,pending,Dettol Original Instant Hand Sanitizer 50 ml,237,Dettol Original Instant Hand Sanitizer 50 ml
243,Chennai,JPIN-1304475069,"Dettol Original Hand Wash, 200ml Pump",Personal Care,pending,Dettol Original Liquid  Handwash 200 ml,244,Dettol Original Liquid  Hand Wash 200 ml
244,Chennai,JPIN-1304475200,"Dettol Sensitive Handwash, 175ml Standup Pouch",Personal Care,pending,Dettol Sensitive Handwash 175ml,245,Dettol Sensitive Handwash 175ml
227,Chennai,JPIN-1304475195,"Dettol Skincare Handwash, 175ml Standup Pouch",Personal Care,pending,Dettol Skincare Handwash 175 ml,228,Dettol Skincare Handwash 175 ml
250,Chennai,JPIN-1304477029,"Dheepam Lamp Oil, 1L Bottle","Oil, Ghee and Vanaspati",pending,Dheepam Lamp Oil 1 L,251,Dheepam Lamp Oil 1 L
251,Chennai,JPIN-1304471929,"Dheepam Lamp Oil, 500ml Bottle","Oil, Ghee and Vanaspati",pending,Dheepam Lamp Oil 500 ml,252,Dheepam Lamp Oil 500 ml
68,Chennai,JPIN-1304475801,"Dove Cream Beauty Bathing Bar, 100g Box",Personal Care,pending,Dove Cream Beauty Bathing Bar 100 g,69,Dove Cream Beauty Bathing Bar 100 g
69,Chennai,JPIN-1304477958,"Dove Hair Fall Rescue Shampoo, 4.2ml Sachet",Personal Care,pending,"Dove Hair Fall Rescue Shampoo, 4.2ml Sachet",70,Dove Nutritive Solutions Hair Fall Rescue Shampoo 5.5 ml
70,Chennai,JPIN-1304477299,"Fair & Lovely Advanced Multi Vitamin Face Cream, 25g Box",Personal Care,pending,Glow & Lovely Advanced Multi Vitamin Cream  25 g,71,Glow & Lovely Advanced Multi Vitamin Cream 25 g
71,Chennai,JPIN-1304477197,"Fair & Lovely Advanced Multi Vitamin Face Cream, 9g Sachet",Personal Care,pending,Glow & Lovely Advanced Multi Vitamin Cream  9 g,72,Glow & Lovely Advanced Multi Vitamin Cream  9 g
72,Chennai,JPIN-1304478770,"Fanta, 750ml Bottle",Beverages,pending,Fanta Orange  750 ml,73,Fanta Orange  750 ml
209,Chennai,JPIN-1304473127,"Fortune Sun Lite Refined Sunflower Oil, 1L Pouch","Oil, Ghee and Vanaspati",pending,Fortune Sunlite Refined Sunflower Oil 1 L,210,Fortune Sun Lite Refined Sunflower Oil 1 L Pouch
73,Chennai,JPIN-1304606070,"Godrej Aer Power Pocket Long-Lasting Bathroom Fragrance, Berry + Rush, 10g Pack",Home Care,pending,Godrej Aer Power Pocket Berry Rush Bathroom Freshner 10 g,74,Godrej Aer Power Pocket Berry Rush Bathroom Freshener 10 g
74,Chennai,JPIN-1304607976,"Godrej Aer Power Pocket Long-Lasting Bathroom Fragrance, Floral Delight, 10g Pack",Home Care,pending,Godrej Aer Power Pocket Floral Delight  Bathroom Freshner 10 g,75,Godrej Aer Power Pocket Floral Delight  Bathroom Freshner 10 g
75,Chennai,JPIN-1304606065,"Godrej Aer Power Pocket Long-Lasting Bathroom Fragrance, Fresh Blossom, 10g Pack",Home Care,pending,Godrej Aer Power Pocket Fresh Blossom Bathroom Freshner 10 g,76,Godrej Aer Power Pocket Fresh Blossom Bathroom Freshener 10 g
76,Chennai,JPIN-1304609471,"Godrej Aer Power Pocket Long-Lasting Bathroom Fragrance, Lavander Bloom, 10g Pack",Home Care,pending,Godrej Aer Power Pocket Lavender Bloom Bathroom Freshener 10 g,77,Godrej Aer Power Pocket Lavender Bloom Bathroom Freshener 10 g
77,Chennai,JPIN-1304606064,"Godrej Aer Power Pocket Long-Lasting Bathroom Fragrance, Sea Breeze, 10g Pack",Home Care,pending,Godrej Aer Power Pocket Sea Breeze Bathroom Freshner 10 g,78,Godrej Aer Power Pocket Sea Breeze Bathroom Freshener 10 g
78,Chennai,JPIN-1304476109,"Godrej Expert Rich Creme Hair Colour, Natural Brown 4.00, 20g + 20ml Pack",Personal Care,pending,"Godrej Expert Rich Creme Hair Cru00e8me  Ammonia Free hair colour,Natural Brown (20 g + 20 ml )",79,"Godrej Expert Rich Cru00e8me Ammonia Free Hair Colour, Natural Brown (20 g + 20 ml)"
210,Chennai,JPIN-1304473144,"Gold Winner Refined Sunflower Oil, 1L Pouch","Oil, Ghee and Vanaspati",pending,Gold Winner Refined Sunflower Oil  1 L,211,Gold Winner Refined Sunflower Oil  1 L Pouch
220,Chennai,JPIN-1304473146,"Gold Winner Refined Sunflower Oil, 500ml Pouch","Oil, Ghee and Vanaspati",pending,Gold Winner Refined Sunflower Oil 500 ml,221,Gold Winner Refined Sunflower Oil 500 ml
211,Chennai,JPIN-1304473141,"Gold Winner Refined Sunflower Oil, 5L Can","Oil, Ghee and Vanaspati",pending,Gold Winner Refined Sunflower Oil 5 L,212,Gold Winner Refined Sunflower Oil 5 L
212,Chennai,JPIN-1304474042,"GRB Ghee, 200ml Jar","Oil, Ghee and Vanaspati",pending,GRB Ghee 200 ml ( Jar),213,GRB Ghee 200 ml (Jar)
213,Chennai,JPIN-1304474037,"GRB Ghee, 200ml Standup Pouch","Oil, Ghee and Vanaspati",pending,GRB Ghee 200 ml (Pouch),214,GRB Ghee 200 ml (Pouch)
214,Chennai,JPIN-1304474036,"GRB Ghee, 500ml Jar","Oil, Ghee and Vanaspati",pending,GRB Ghee 500 ml (Jar),215,GRB Ghee 500 ml (Jar)
215,Chennai,JPIN-1304474033,"GRB Udhayam Ghee, 100ml Standup Pouch","Oil, Ghee and Vanaspati",pending,GRB Udhayam Ghee 100 ml (Pouch),216,GRB Udhayam Ghee 100 ml (Pouch)
79,Chennai,JPIN-1304475800,"Hamam Neem Bathing Bar, 100g Pack",Personal Care,pending,"Hamam Neem , Tulsi & Aloe Vera  Soap 100 g",80,"Hamam Neem, Tulsi & Aloe Vera Soap 100 g"
80,Chennai,JPIN-1304475808,"Hamam Neem Bathing Bar, 150g Pack",Personal Care,pending,"Hamam Neem , Tulsi & Aloe Vera  Soap 150 g",81,"Hamam Neem, Tulsi & Aloe Vera Soap 150 g"
81,Chennai,JPIN-1304475191,"Harpic Disinfectant Bathroom Cleaner, Floral, 500ml Bottle",Home Care,pending,Harpic Floral Disinfectant Bathroom Cleaner 500 ml,82,Harpic Floral Disinfectant Bathroom Cleaner 500 ml
245,Chennai,JPIN-1304475640,"Harpic Disinfectant Bathroom Cleaner, Lemon, 1L Bottle",Home Care,pending,Harpic Lemon Disinfectant Bathroom Cleaner 1 L,246,Harpic Lemon Disinfectant Bathroom Cleaner 1 L
246,Chennai,JPIN-1304479051,"Harpic Disinfectant Bathroom Cleaner, Lemon, 200ml Bottle",Home Care,pending,Harpic Lemon Disinfectant Bathroom Cleaner 200 ml,247,Harpic Lemon Disinfectant Bathroom Cleaner 200 ml
229,Chennai,JPIN-1304475594,"Harpic Disinfectant Bathroom Cleaner, Lemon, 500ml Bottle",Home Care,pending,"Harpic Disinfectant Bathroom Cleaner, Lemon, 500ml Bottle",230,Harpic Lemon Disinfectant Bathroom Cleaner 500 ml
82,Chennai,JPIN-1304475342,"Harpic Power Plus Toilet Cleaner, Original, 1L Bottle",Home Care,pending,Harpic Power Plus Original Disinfectant  Toilet Cleaner 1 L,83,Harpic Power Plus Original Disinfectant Toilet Cleaner 1 L
83,Chennai,JPIN-1304475592,"Harpic Power Plus Toilet Cleaner, Original, 500ml Bottle",Home Care,pending,Harpic Power Plus Original Disinfectant  Toilet Cleaner 500 ml,84,Harpic Power Plus Rose Disinfectant Toilet Cleaner 500 ml
195,Chennai,JPIN-1304464775,"Himalaya Baby Lotion, 100ml Bottle",Baby Care,pending,Himalaya Baby Lotion 100 ml,196,Himalaya Baby Lotion 100 ml
184,Chennai,JPIN-1304465664,"Himalaya Baby Massage Oil, 100ml Bottle",Baby Care,pending,Himalaya Baby Massage Oil 100 ml,185,Himalaya Baby Massage Oil 100 ml
84,Chennai,JPIN-1304475657,"Himalaya Baby Powder, 100g Bottle",Baby Care,pending,Himalaya Baby Powder 100 g,85,Himalaya Baby Powder 100 g
182,Chennai,JPIN-1304475659,"Himalaya Extra Moisturizing Baby Soap, 75g Box",Baby Care,pending,Himalaya Extra Moisturizing Baby Soap 75 g,183,"Himalaya Extra Moisturizing Baby Soap, 75g Box"
187,Chennai,JPIN-1304465689,"Himalaya Gentle Baby Shampoo, 100ml Bottle",Baby Care,pending,Himalaya Gentle Baby Shampoo with Hibiscus & Chickpea 100 ml,188,Himalaya Gentle Baby Shampoo 100 ml
181,Chennai,JPIN-1304465688,"Himalaya Gentle Baby Shampoo, 200ml Bottle",Baby Care,pending,Himalaya Gentle Baby Shampoo 200 ml B,182,Himalaya Gentle Baby Shampoo 200 ml B
185,Chennai,JPIN-1304465690,"Himalaya Gentle Baby Wipes, Extra Soft, 72Pcs Pack",Baby Care,pending,Himalaya Gentle Baby Wipes 72 Pcs,186,Himalaya Gentle Baby Wipes 72 Pcs
197,Chennai,JPIN-1304475653,"Himalaya Refreshing Baby Soap, 75g Box",Baby Care,pending,Himalaya Refreshing Baby Soap  75 g,198,Himalaya Refreshing Baby Soap  75 g
235,Chennai,JPIN-1304472710,"Horlicks Classic Malt, 20g Sachet",Health Care,pending,Horlicks Classic Malt 20 g,236,Horlicks Classic Malt 20 g
221,Chennai,JPIN-1304472273,"India Gate Dubar Basmati Rice, 1Kg Pack",Rice and Rice products,pending,India Gate Dubar Basmati Rice 1 Kg,222,India Gate Dubar Basmati Rice 1 kg
183,Chennai,JPIN-1304475057,"Johnson's Baby Soap, 75g Box",Baby Care,pending,Johnson's Baby Soap 75 g,184,Johnson's Baby Soap 75 g
198,Chennai,JPIN-1304475026,"Johnson's Baby Soap, Blossoms, 75g Box",Baby Care,pending,Johnson's Baby Soap Blossoms 75 g,199,Johnson's Baby Soap Blossoms 75 g
85,Chennai,JPIN-1304371894,"Kissan Chotu Fresh Tomato Ketchup, 131g Spout Pouch",Packaged Foods,pending,"Kissan Chotu Fresh Tomato Ketchup, 130 g",86,"Kissan Chotu Fresh Tomato Ketchup, 130 g"
86,Chennai,JPIN-1304474409,"Kissan Mixed Fruit Jam, 100g Tub",Packaged Foods,pending,Kissan Mixed Fruit Jam 100 g,87,Kissan Mixed Fruit Jam 100 g
87,Chennai,JPIN-1304477981,"Kissan Mixed Fruit Jam, 11g Sachet",Packaged Foods,pending,Kissan Mixed Fruit Jam 11 g,88,Kissan Mixed Fruit Jam 11 g
88,Chennai,JPIN-1304474408,"Kissan Mixed Fruit Jam, 200g Glass Jar",Packaged Foods,pending,Kissan Mixed Fruit Jam 200 g,89,Kissan Mixed Fruit Jam 200 g
89,Chennai,JPIN-1304475802,"Lifebuoy Care Bathing Bar, 59g Pack",Personal Care,pending,Lifebuoy Care Germ Protection Soap 56 g,90,Lifebuoy Care Germ Protection Soap 56 g
90,Chennai,JPIN-1304475838,"Lifebuoy Total 10 Bathing Bar, 125g Pack",Personal Care,pending,Lifebuoy Total Bathing Bar 125 g,91,Lifebuoy Total 10 Germ Protection Soap 125 g (Buy 3 Get 1 Free)
91,Chennai,JPIN-1304478446,"Lifebuoy Total 10 Hand Wash, 190ml Pump",Personal Care,pending,Lifebuoy Total 10 Germ Protection Hand Wash 190 ml,92,Lifebuoy Total 10 Germ Protection Handwash 190 ml
92,Chennai,JPIN-1304475585,"Lizol Disinfectant Surface Cleaner, Citrus, 200ml Bottle",Home Care,pending,Lizol Citrus Disinfectant Surface Cleaner 200 ml,93,Lizol Citrus Disinfectant Surface Cleaner 200 ml
93,Chennai,JPIN-1304474229,"Lizol Disinfectant Surface Cleaner, Citrus, 975ml Bottle",Home Care,pending,Lizol Citrus Disinfectant Surface Cleaner 975 ml,94,Lizol Citrus Disinfectant Surface Cleaner 975 ml
94,Chennai,JPIN-1304475270,"Lizol Disinfectant Surface Cleaner, Floral, 975ml Bottle",Home Care,pending,Lizol Floral Disinfectant Surface Cleaner 975 ml,95,Lizol Floral Disinfectant Surface Cleaner 975 ml
204,Chennai,JPIN-1304475609,"Lizol Disinfectant Surface Cleaner, Lavender, 500ml Bottle",Home Care,pending,Lizol Lavender Disinfectant Surface Cleaner 500 ml,205,Lizol Lavender Disinfectant Surface Cleaner 500 ml
95,Chennai,JPIN-1304475810,"Lux Rose & Vitamin E Bathing Bar, 100g Pack",Personal Care,pending,Lux Soft Touch Bar Soap 100 g (Packof 3),96,Lux Soft Touch Bar Soap 100 g (Pack of 3)
96,Chennai,JPIN-1304475315,"Maggi 2-Minute Noodles, Masala, 140g Pack",Packaged Foods,pending,Maggi 2-Minute Masala Instant  Noodles 140 g,97,Maggi 2-Minute Masala Instant Noodles 140 g
97,Chennai,JPIN-1304475308,"Maggi 2-Minute Noodles, Masala, 280g Pack",Packaged Foods,pending,Maggi 2-Minute Masala Instant  Noodles 280 g,98,Maggi 2-Minute Masala Instant Noodles 280 g
98,Chennai,JPIN-1304475312,"Maggi 2-Minute Noodles, Masala, 420g Pack",Packaged Foods,pending,Maggi 2-Minute Masala Instant  Noodles 140 g,99,Maggi 2-Minute Masala Instant Noodles 140 g
99,Chennai,JPIN-1304475313,"Maggi 2-Minute Noodles, Masala, 560g Pack",Packaged Foods,pending,Maggi 2-Minute Masala Instant  Noodles 560  g,100,Maggi 2-Minute Masala Instant Noodles 560 g
100,Chennai,JPIN-1304475311,"Maggi 2-Minute Noodles, Masala, 70g Pack",Packaged Foods,pending,Maggi 2-Minute Masala Instant  Noodles 70 g,101,Maggi 2-Minute Masala Instant Noodles 70 g
231,Chennai,JPIN-1304466546,"MamyPoko Pants Extra Absorb Diapers, Extra Large (12-17 Kg), 5Pcs Pack",Baby Care,pending,MamyPoko Extra Absorb Pants (XXL) 12 count (15 - 25 kg),232,MamyPoko Pants Extra Absorb Pants (XXL) 12 Counts  (15-25 Kg)
241,Chennai,JPIN-1304476212,"MamyPoko Pants Standard Diaper, Small (4-8 Kg), 1Pc Pack",Baby Care,pending,MamyPoko Standard Pants (S) 1 count (4 - 8 kg),242,MamyPoko Pants Standard Diaper (S)1 Count (4-8 Kg)
237,Chennai,JPIN-1304430186,"MamyPoko Pants Standard Diaper, Small (4-8 Kg), 4Pcs Pack",Baby Care,pending,MamyPoko Standard Pants (S) 1 count (4 - 8 kg),238,MamyPoko Pants Standard Diaper (S) 4 Counts (4-8 Kg)
238,Chennai,JPIN-1304476215,"MamyPoko Pants Standard Diapers, Medium (7-12Kg), 1Pc Pack",Baby Care,pending,MamyPoko Standard Pants (M) 1 count (7 - 12 kg),239,MamyPoko Pants Standard Diapers (M) 1 count  (7-12Kg)
101,Chennai,JPIN-1304372285,"Meera Anti Dandruff Shampoo with Small Onion Fenugreek, 180ml Bottle",Personal Care,pending,Meera Anti Dandruff Shampoo  180 ml,102,Meera Anti Dandruff Shampoo 180 ml
102,Chennai,JPIN-1304420215,"Meera Anti Dandruff Shampoo, 6ml Sachet",Personal Care,pending,Meera Anti Dandruff Shampoo  6 ml,103,Meera Anti Dandruff Shampoo 6 ml
247,Chennai,JPIN-1304368016,"Meera Herbal Hairwash Powder, 5.6g Sachet",Personal Care,pending,Meera Herbal Hairwash Powder 5.6 g,248,Meera Herbal Hairwash Powder 5.6 g
216,Chennai,JPIN-1304587234,"MRN Old Sona Steamed Rice, 25Kg Bag, 6 Months Old",Rice and Rice products,pending,MRN Old Sona Steam Rice 25kg,217,MRN Old Sona Steam Rice 25 kg
103,Chennai,JPIN-1304473917,"Nescafe Sunrise Coffee, 100g Pack",Tea and Coffee,pending,Nescafe Sunrise Instant Coffee 100 g,104,Nescafe Sunrise Instant Coffee 100 g
104,Chennai,JPIN-1304472868,"Nescafe Sunrise Coffee, 11g Sachet",Tea and Coffee,pending,Nescafe Sunrise Sachet 8.5 g,105,Nescafe Sunrise Sachet 8.5 g
105,Chennai,JPIN-1304473891,"Nescafe Sunrise Coffee, 50g Pack",Tea and Coffee,pending,Nescafe Sunrise Instant  Coffee 50 g,106,Nescafe Sunrise Instant Coffee 50 g
192,Chennai,JPIN-1304478828,"Nestle Lactogen 2 Infant Formula Powder, After 6 Months, 400g Box",Baby Care,pending,Lactogen 2 Infant Follow-up Formula Powder 6 months + 400 g,193,"Nestle Lactogen 2 Infant Formula Powder, After 6 Months + 400 g"
106,Chennai,JPIN-1304475298,"Nestle MilkMaid Condensed Milk, 400g Tin",Dairy,pending,Nestle MilkMaid Sweetened  Condensed Milk  400 g (Tin),107,Nestle Milkmaid Sweetened Condensed Milk 400 g (Tin)
252,Chennai,JPIN-1304478385,"NSL White Crystal Sugar, S-30 Grade, 50Kg Bag",Sugar and Jaggery,pending,Sugar (S30) 50 kg,253,Sugar (S30) 50 kg
107,Chennai,JPIN-1304472238,"Parachute Advanced Jasmine Hair Oil, 90ml Bottle",Personal Care,pending,Parachute Advanced Jasmine Coconut Non Sticky  Hair Oil 90 ml,108,Parachute Advansed Jasmine Coconut Non-Sticky Hair Oil 90 ml
108,Chennai,JPIN-1304472233,"Parachute Coconut Oil, 100ml Bottle",Personal Care,pending,Parachute 100% Pure Coconut Hair Oil 100 ml,109,Parachute 100% Pure Coconut Hair Oil 100 ml
109,Chennai,JPIN-1304472229,"Parachute Coconut Oil, 25ml Bottle",Personal Care,pending,Parachute 100% Pure Coconut Hair Oil 25 ml,110,Parachute 100% Pure Coconut Hair Oil 25 ml
110,Chennai,JPIN-1304472230,"Parachute Coconut Oil, 45ml Bottle",Personal Care,pending,Parachute 100% Pure Coconut Hair oil 45 ml,111,Parachute 100% Pure Coconut Hair oil 45 ml
111,Chennai,JPIN-1304473076,"Parle 20-20 Cashew Cookies, 30g Pack","Biscuit, Confectionary & Snacks",pending,Parle 20-20 Cashew Cookies 30 g,112,Parle 20-20 Cashew Cookies 30 g (+Get 5 g Extra)
112,Chennai,JPIN-1304473073,"Parle Happy Happy Choco Chip Cookies, 30g Pack","Biscuit, Confectionary & Snacks",pending,Parle Happy Happy Choco-Chip Cookies 30 g,113,Parle Happy Happy Choco-Chip Cookies 30 g (+Get 10 g Extra)
113,Chennai,JPIN-1304472975,"Parle Hide & Seek Chocolate Chip Cookies, 100g Pack","Biscuit, Confectionary & Snacks",pending,Parle Hide & Seek Chocolate Chip Cookies 100 g,114,Parle Hide & Seek Choco Chip Cream Biscuits 100 g
114,Chennai,JPIN-1304475464,"Parle Hide & Seek Cookies, 33g Pack","Biscuit, Confectionary & Snacks",pending,Parle Platina Hide & Seek Chocolate chip Cookies 33 g,115,Parle Platina Hide & Seek Chocolate Chip Cookies 33 g
115,Chennai,JPIN-1304472974,"Parle Krack Jack Biscuits, 34.36g Pack","Biscuit, Confectionary & Snacks",pending,Parle Krackjack Biscuits 34.36 g,116,Parle Krackjack Biscuits 34.36 g
116,Chennai,JPIN-1304472969,"Parle Krack Jack Biscuits, 66.7g Pack","Biscuit, Confectionary & Snacks",pending,Parle KrackJack 66.7 g,117,Parle KrackJack 66.7 g
117,Chennai,JPIN-1304476075,"Parle Melody Chocolaty Toffee, 390g Pack (100Pcs x 3.9g)","Biscuit, Confectionary & Snacks",pending,Parle Melody Chocolaty Toffee 391 g,118,Parle Melody Chocolaty Toffee 391 g
118,Chennai,JPIN-1304472970,"Parle Monaco Classic Regular Biscuits, 66.7g Pack","Biscuit, Confectionary & Snacks",pending,Parle Monaco Biscuits 66.7 g,119,Parle Monaco Biscuits 66.7 g
119,Chennai,JPIN-1304472960,"Parle-G Biscuits, 110g Pack","Biscuit, Confectionary & Snacks",pending,Parle-G Biscuits 110 g,120,Parle-G Biscuits 110 g (Get +20 g Extra)
120,Chennai,JPIN-1304476076,"Parle-G Biscuits, 200g Pack","Biscuit, Confectionary & Snacks",pending,Parle-G Original Glucose Biscuits 250 g,121,Parle-G Original Glucose Biscuits 250 g
121,Chennai,JPIN-1304476079,"Parle-G Biscuits, 55g Pack","Biscuit, Confectionary & Snacks",pending,Parle-G Biscuits 55 g,122,Parle-G Biscuits 55 g (Get +10 g Extra)
122,Chennai,JPIN-1304475823,"Pears Soft & Fresh Bathing Bar, 75g Box",Personal Care,pending,Pears Soft & Fresh Soap with Mint Extracts 75 g,123,Pears Soft & Fresh Soap with Mint Extracts 75 g
123,Chennai,JPIN-1304474538,"Pepsodent Germi Check+ Toothpaste, 100g Box",Personal Care,pending,Pepsodent Germicheck Cavity Protection Toothpaste 100 g,124,Pepsodent Germicheck Cavity Protection Toothpaste 100 g
124,Chennai,JPIN-1304474526,"Pond's Dreamflower Fragrant Talc, Pink Lily, 100g Bottle",Personal Care,pending,Pond's Dreamflower Pink Lily  Fragrant Talc 100 g,125,Pond's Dreamflower Pink Lily  Fragrant Talc 100 g
125,Chennai,JPIN-1304474515,"Pond's Dreamflower Fragrant Talc, Pink Lily, 25g Bottle",Personal Care,pending,Pond's Dreamflower Pink Lily  Fragrant Talc 25 g,126,Pond's Dreamflower Pink Lily  Fragrant Talc 25 g
126,Chennai,JPIN-1304474541,"Pond's Dreamflower Fragrant Talc, Pink Lily, 50g Bottle",Personal Care,pending,Pond's Dreamflower Pink Lily  Fragrant Talc 50 g,127,Pond's Dreamflower Pink Lily  Fragrant Talc 50 g
127,Chennai,JPIN-1304477196,"Pond's White Beauty Spot Less Fairness Day Cream, 7g Sachet",Personal Care,pending,Pond's White Beauty Spot Less Fairness Day Cream 7 g,128,Pond's White Beauty Spot-less Fairness Day Cream 7 g
128,Chennai,JPIN-1304476805,"Real Fruit Power Juice, Mango, 1L Tetra Pak",Beverages,pending,Real Fruit Power Mango Juice 1 L,129,"Real Fruit Power Juice, Mango, 1L Tetra Pak"
129,Chennai,JPIN-1304474427,"Rin ALA Fabric Whitener, 200ml Bottle",Home Care,pending,Rin Ala Fabric Whitener 200 ml,130,Rin ALA Fabric Whitener 200 ml
130,Chennai,JPIN-1304477301,"Rin Detergent Bar, 140g Pack",Home Care,pending,Rin Detergent Bar 140 g,131,Rin Detergent Bar 140 g
131,Chennai,JPIN-1304474582,"Rin Detergent Powder, 1Kg Pack",Home Care,pending,Rin Detergent Powder 1 Kg,132,Rin Detergent Powder 1 kg
225,Chennai,JPIN-1304591356,"Roobini Refined Palmolein Oil, 500ml Pouch","Oil, Ghee and Vanaspati",pending,Roobini  Palm Oil 500 ml,226,Roobini  PalmOil 500 ml
217,Chennai,JPIN-1304361538,"Roobini Refined Palmolein, 1L Pouch","Oil, Ghee and Vanaspati",pending,Roobini Palm Oil 1 L,218,Roobini Palm Oil 1 L
233,Chennai,JPIN-1304473143,"Ruchi Gold Refined Palmolein Oil, 1L Pouch","Oil, Ghee and Vanaspati",pending,Ruchi Gold Refined Palmolein Oil 1 L,234,Ruchi Gold Refined Palmolein Oil 1 L
132,Chennai,JPIN-1304472245,"Saffola Oats, 1Kg Pack",Packaged Foods,pending,Saffola Oats 1 kg (+Get 400 g Extra),133,Saffola Oats 1K g
133,Chennai,JPIN-1304475474,"Sakthi Chicken Masala, 100g Pack",Grounded Spices & Masalas,pending,Sakthi Chicken Masala 100 g,134,Sakthi Chicken Masala 100 g
134,Chennai,JPIN-1304472373,"Sakthi Chicken Masala, 50g Pack",Grounded Spices & Masalas,pending,Sakthi Chicken Masala 50 g,135,Sakthi Chicken Masala 50 g
135,Chennai,JPIN-1304472443,"Sakthi Chilli Powder, 100g Pack",Grounded Spices & Masalas,pending,Sakthi Chilli Powder 100 g,136,Sakthi Chilli Powder 100 g
136,Chennai,JPIN-1304472442,"Sakthi Chilli Powder, 200g Pack",Grounded Spices & Masalas,pending,Sakthi Chilli Powder 200 g,137,Sakthi Chilli Powder 200 g
137,Chennai,JPIN-1304475496,"Sakthi Chilli Powder, 500g Pack",Grounded Spices & Masalas,pending,Sakthi Chilli Powder 500 g,138,Sakthi Chilli Powder 500 g
138,Chennai,JPIN-1304475501,"Sakthi Curry Masala Powder, 100g Pack",Grounded Spices & Masalas,pending,Sakthi Curry Powder 100 gm,139,Sakthi Curry Masala Powder 100 gm
139,Chennai,JPIN-1304472375,"Sakthi Fish Fry Masala, 50g Pack",Grounded Spices & Masalas,pending,Sakthi Fish Fry Masala 50 g,140,Sakthi Fish Fry Masala 50 g
140,Chennai,JPIN-1304477700,"Sakthi Garam Masala Powder, 50g Pack",Grounded Spices & Masalas,pending,Sakthi Super Garam Masala 50 g,141,Sakthi Garam Masala 50 g
141,Chennai,JPIN-1304372756,"Sakthi Pepper Powder, 50g Pack",Grounded Spices & Masalas,pending,Sakthi Black Pepper Powder  50 g,142,Sakthi Black Pepper Powder  50 g
142,Chennai,JPIN-1304470832,"Sakthi Rasam Powder, 100g Pack",Grounded Spices & Masalas,pending,Sakthi Rasam Powder 100 g,143,Sakthi Rasam Powder 100 g
143,Chennai,JPIN-1304472369,"Sakthi Sambar Powder, 100g Pack",Grounded Spices & Masalas,pending,Sakthi Sambar Powder 100 g,144,Sakthi Sambar Powder 100 g
144,Chennai,JPIN-1304475503,"Sakthi Sambar Powder, 200g Pack",Grounded Spices & Masalas,pending,Sakthi Sambar Powder 200 g,145,Sakthi Sambar Powder 200 g
145,Chennai,JPIN-1304475499,"Sakthi Turmeric Powder, 100g Pack",Grounded Spices & Masalas,pending,Sakthi Turmeric Powder 100 g,146,Sakthi Turmeric Powder 100 g
146,Chennai,JPIN-1304412440,"Sakthi Turmeric Powder, 200g Pack",Grounded Spices & Masalas,pending,Sakthi Turmeric Powder 200 g,147,Sakthi Turmeric Powder 200 g
147,Chennai,JPIN-1304476329,"Santoor Total Skin Care Bathing Bar, Sandal & Turmeric, 100g Pack",Personal Care,pending,Santoor Sandal & Turmeric Soap 100 g,148,Santoor Sandal & Turmeric Soap 100 g
240,Chennai,JPIN-1304478238,"Savlon Herbal Sensitive Hand Wash, 750ml Spout Pouch",Personal Care,pending,Savlon Herbal Sensitive Handwash Refill 750ml,241,Savlon Herbal Sensitive Handwash Refill 175 ml
239,Chennai,JPIN-1304478233,"Savlon Moisture Shield Hand Wash, 750ml Spout Pouch",Personal Care,pending,Savlon Moisture Shield Handwash Refill 750ml,240,Savlon Moisture Shield Handwash Refill 750 ml
148,Chennai,JPIN-1304362234,"Savlon Surface Disinfectant Spray, 170g Bottle",Home Care,pending,Savlon Surface Disinfectant Spray 170 g,149,Savlon Surface Disinfectant Spray 170 g
149,Chennai,JPIN-1304459165,"Scotch-Brite Silver Sparks Scrub Pad, 7cm x 10cm, 1Pc Pack",Cleaning & Household Supplies,pending,Scotch-Brite Silver Sparks Scrub Pad (7 cm x 7.5 cm),150,Scotch-Brite Silver Sparks Scrub Pad (7cm x 10cm)
150,Chennai,JPIN-1304590531,"Scotch-Brite Silver Sparks Scrub Pad, 7cm x 7.5cm, 2Pcs Pack",Cleaning & Household Supplies,pending,Scotch-Brite Silver Sparks Scrub Pad(7cm x 7.5cm),151,Scotch-Brite Silver Sparks Scrub Pad (7 cm x 7.5 cm)
151,Chennai,JPIN-1304351397,"Scotch-Brite Stainless Steel & Scrub Pad, 7.5cm x 7.5cm, 3Pcs Combo Pack",Cleaning & Household Supplies,pending,Scotch-Brite Stainless Steel & Scrub Pad(7.5cm x 7.5cm),152,Scotch-Brite Stainless Steel & Scrub Pad(7.5cm x 7.5cm)
228,Chennai,JPIN-1304475109,"Sensodyne Fresh Mint Toothpaste, 40g Box",Personal Care,pending,Sensodyne Sensitive  Fresh Mint Toothpaste 40 g,229,SensodyneSensitive  Fresh Mint Toothpaste 40 g
190,Chennai,JPIN-1304469389,"Stayfree Secure Dry Cover Sanitary Pads With Wings, Extra Large, 7Pcs Pack",Personal Care,pending,Stayfree Secure Dry Cover Sanitary Napkin With Wings (XL) 7 pads,191,Stayfree Secure Dry Cover Sanitary Napkin with Wings (XL) 7 pads
152,Chennai,JPIN-1304472814,"Sunfeast Bounce Creme Biscuits, Choco Creme, 34g Pack","Biscuit, Confectionary & Snacks",pending,Sunfeast Bounce Choco Creme Biscuits 34 g (+Get 7 g Extra),153,Sunfeast Bounce  Choco Creme Biscuits 34 g
153,Chennai,JPIN-1304472989,"Sunfeast Bounce Creme Biscuits, Elaichi Delight, 34g Pack","Biscuit, Confectionary & Snacks",pending,Sunfeast Bounce Elaichi Delight Cream Biscuits 34 g (+Get 7 g Extra),154,Sunfeast Bounce Elaichi Delight Creme Biscuits 34 g
154,Chennai,JPIN-1304472991,"Sunfeast Bounce Creme Biscuits, Tangy Orange, 34g Pack","Biscuit, Confectionary & Snacks",pending,Sunfeast Bounce Tangy Orange Creme Biscuits 34 g,155,Sunfeast Bounce Tangy Orange Creme Biscuits 34 g
155,Chennai,JPIN-1304479041,"Sunfeast Dark Fantasy Choco Fills, 20g Box","Biscuit, Confectionary & Snacks",pending,Sunfeast Dark Fantasy Choco Fills  20 g,156,Sunfeast Dark Fantasy Choco Fills  20 g
156,Chennai,JPIN-1304472985,"Sunfeast Dark Fantasy Choco Fills, 75g Box","Biscuit, Confectionary & Snacks",pending,Sunfeast Dark Fantasy Choco Fills 75 g,157,Sunfeast Dark Fantasy Choco Fills 75 g
157,Chennai,JPIN-1304473004,"Sunfeast Hi Fi Cookies, Cashew Butter, 36g Pack","Biscuit, Confectionary & Snacks",pending,Sunfeast Hi Fi Cashew Butter  Cookies 36 g,158,Sunfeast Hi Fi Cashew Butter  Cookies 36 g
158,Chennai,JPIN-1304605710,"Sunfeast Marie Light Biscuits, Active, 38g Pack","Biscuit, Confectionary & Snacks",pending,Sunfeast Marie Light Biscuits 38 g (+Get 5 g Extra),159,Sunfeast Marie Light Biscuit 38 g
159,Chennai,JPIN-1304603602,"Sunfeast Marie Light Biscuits, Active, 70g Pack","Biscuit, Confectionary & Snacks",pending,Sunfeast Marie Light Biscuits 70 g (+Get 30 g Extra),160,Sunfeast Marie Light Biscuit 70 g
160,Chennai,JPIN-1304472998,"Sunfeast Mom's Magic Biscuits, Rich Butter, 60g Pack","Biscuit, Confectionary & Snacks",pending,Sunfeast Mom's Magic Biscuits  Rich Butter 60 g,161,Sunfeast Mom's Magic Biscuits  Rich Butter 60 g
161,Chennai,JPIN-1304472999,"Sunfeast Mom's Magic Cookies, Cashew & Almond, 50g Pack","Biscuit, Confectionary & Snacks",pending,Sunfeast Mom's Magic Cashew & Almond Cookies  50 g,162,Sunfeast Mom's Magic Cashew & Almond Cookies  50 g
162,Chennai,JPIN-1304477205,"Sunfeast Yippee! Magic Masala Noodles, 280g Pack",Packaged Foods,pending,Sunfeast Yippee! Magic Masala Instant Noodles 240 g,163,Sunfeast Yippee! Magic Masala Instant Noodles 240 g
163,Chennai,JPIN-1304477204,"Sunfeast Yippee! Magic Masala Noodles, 32.5g Pack",Packaged Foods,pending,Sunfeast Yippee! Magic Masala Instant Noodles 32 g,164,Sunfeast Yippee! Magic Masala Instant Noodles 32 g
164,Chennai,JPIN-1304390439,"Sunfeast Yippee! Magic Masala Noodles, 420g Pack",Packaged Foods,pending,Sunfeast Yippee! Magic Masala Instant Noodles 420 g,165,Sunfeast Yippee! Magic Masala Instant Noodles 420 g
165,Chennai,JPIN-1304475853,"Sunfeast Yippee! Magic Masala Noodles, 70g Pack",Packaged Foods,pending,Sunfeast Yippee! Magic Masala Instant Noodles 60 g,166,Sunfeast Yippee! Magic Masala Instant Noodles 60 g
224,Chennai,JPIN-1304591353,"Sunland Refined Sunflower Oil, 1L Pouch","Oil, Ghee and Vanaspati",pending,Sunland Refined Sunflower Oil 1 L,225,Sunland Refined Sunflower Oil 1 L
166,Chennai,JPIN-1304477137,"Surf Excel Easy Wash Detergent Powder, 1Kg Pack",Home Care,pending,Surf Excel Easy Wash Detergent Powder 1 kg,167,Surf Excel Easy Wash Detergent Powder 1 Kg
167,Chennai,JPIN-1304477300,"Surf Excel Easy Wash Detergent Powder, 500g Pack",Home Care,pending,Surf Excel Easy Wash Detergent Powder 500 g,168,Surf Excel Easy Wash Detergent Powder 500 g
168,Chennai,JPIN-1304477058,"Surf Excel Matic Liquid Detergent, Front Load, 1.02L Bottle",Home Care,pending,Surf Excel Matic Front Load Liquid Detergent 1.02 L,169,Surf Excel Matic Liquid Detergent Front Load 1.02 L
169,Chennai,JPIN-1304477085,"Surf Excel Matic Liquid Detergent, Top Load, 1.02L Bottle",Home Care,pending,Surf Excel Matic Top Load Liquid Detergent 1.02 L,170,Surf Excel Matic Liquid Detergent Top Load 1.02 L
170,Chennai,JPIN-1304474588,"Surf Excel Matic Liquid Detergent, Top Load, 500ml Bottle",Home Care,pending,Surf Excel Matic Top Load Liquid Detergent 500 ml,171,Surf Excel Matic Liquid Detergent Top Load 500 ml
171,Chennai,JPIN-1304474567,"Surf Excel Quick Wash Detergent Powder, 12g Sachet",Home Care,pending,Surf Excel Quick Wash Detergent Powder 12 g,172,Surf Excel Quick Wash Detergent Powder 12 g
172,Chennai,JPIN-1304474590,"Surf Excel Quick Wash Detergent Powder, 1Kg Pack",Home Care,pending,Surf Excel Quick Wash Detergent Powder 1 Kg,173,Surf Excel Quick Wash Detergent Powder 1 Kg
173,Chennai,JPIN-1304474572,"Surf Excel Quick Wash Detergent Powder, 500g Pack",Home Care,pending,Surf Excel Quick Wash Detergent Powder 500 g,174,Surf Excel Quick Wash Detergent Powder 500 g
174,Chennai,JPIN-1304474580,"Surf Excel Stain Eraser Detergent Bar, 150g Pack",Home Care,pending,Surf Excel  Detergent Bar 150 g,175,Surf Excel  Detergent Bar 150 g
175,Chennai,JPIN-1304474574,"Surf Excel Stain Eraser Detergent Bar, 250g Pack",Home Care,pending,Surf Excel Detergent Bar 250 g,176,Surf Excel Detergent Bar 250 g
191,Chennai,JPIN-1304477139,"Surf Excel Stain Eraser Detergent Bar, 90g Pack",Home Care,pending,Surf Excel  Detergent Bar 100 g,192,Surf Excel  Detergent Bar 100 g
218,Chennai,JPIN-1304590394,"SVS Refined Groundnut Oil, 1L Pouch","Oil, Ghee and Vanaspati",pending,SVS Refined Groundnut Oil 1 L,219,SVS Refined Groundnut Oil 1 L
248,Chennai,JPIN-1304472805,"Unibic Choco Chip Cookies, 75g Pack","Biscuit, Confectionary & Snacks",pending,Unibic Choco Chip Cookies 75 g,249,Unibic Choco Chip Cookies 75 g
230,Chennai,JPIN-1304474989,"Unibic Choco Ripple Cookies, 31.3g Pack","Biscuit, Confectionary & Snacks",pending,Unibic Choco Ripple Cookies 31.3 g,231,Unibic Choco Ripple Cookies 31.3 g
219,Chennai,JPIN-1304587261,"Varalakshmi Muthyam Steamed Rice, 25Kg Bag, 6 Months Old",Rice and Rice products,pending,Varalakshmi Muthyam Sona Steam Rice 25 Kg,220,Varalakshmi Muthuyam Sona Steam Rice 25 kg
176,Chennai,JPIN-1304477167,"Vim Concentrated Dishwash Gel, Lemon, 155ml Spout Pouch",Home Care,pending,Vim Lemon Concentrated Dishwash Gel 155 ml,177,Vim Lemon Concentrated Dishwash Gel 155 ml
177,Chennai,JPIN-1304474463,"Vim Concentrated Dishwash Gel, Lemon, 250ml Bottle",Home Care,pending,Vim Lemon Concentrated Dishwash Gel 250 ml,178,Vim Lemon Concentrated Dishwash Gel 250 ml
178,Chennai,JPIN-1304474461,"Vim Concentrated Dishwash Gel, Lemon, 500ml Bottle",Home Care,pending,Vim  Lemon Concentrated Dishwash Gel 500 ml,179,Vim  Lemon Concentrated Dishwash Gel 500 ml
180,Chennai,JPIN-1304477302,"Vim Dishwash Bar, 140g Pack",Home Care,pending,Vim Dishwash Bar  140 g,181,Vim Dishwash Bar  140 g
179,Chennai,JPIN-1304474433,"Vim Dishwash Bar, 300g Pack",Home Care,pending,Vim Dishwash Bar 300 g,180,Vim Dishwash Bar 300 g
199,Chennai,JPIN-1304593547,"VVD Gold Pure Coconut Oil, 100ml Bottle",Personal Care,pending,VVD Gold Pure Coconut Oil  100 ml,200,VVD Gold Pure Coconut Oil 100 ml
200,Chennai,JPIN-1304593541,"VVD Gold Pure Coconut Oil, 250ml Bottle",Personal Care,pending,VVD Gold Pure Coconut Oil 250 ml,201,VVD Gold Pure Coconut Oil 250 ml
201,Chennai,JPIN-1304593544,"VVD Gold Pure Coconut Oil, 30ml Bottle",Personal Care,pending,VVD Gold Pure Coconut Oil  30 ml,202,VVD Gold Pure Coconut Oil  30 ml
